USE BakMovie


INSERT INTO Movie(MovieID, Director, Publisher, Title, [Description], ReleaseDate, Price) VALUES
('MOV001', 'DIR001', 'PUB001', ' Medic Of The Dead', 'Contrary to popular belief, Lorem Ipsum is not simply random text. It has roots in a piece o', '2010-12-05', 50.000),
('MOV002', 'DIR002', 'PUB002', 'Ashamed Of Dreams', 'Contrary to popular belief, Lorem Ipsum is not simply random text. It has roots iinia, looked up one of the more obscure Latin words, consectetur, from a Lorem Ipsum passage', '2013-09-02', 40.000),
('MOV003', 'DIR003', 'PUB003', 'Druid Of Glory', 'Contrary to popular belief, Lorem Ipsum is not simply random text. It has roots in a piof the more obscure Latin words, consectetur, from a Lorem Ipsum passage', '2007-01-31', 55.000),
('MOV004', 'DIR004', 'PUB004', 'Spies And Spiders', 'Contrary to popular belief, Lorem Ipsum is not simply random text. It has roots in a p at Hampden-Sydney College in Virginia, looked up one of the more obscure Latin words, consectetur, from a Lorem Ipsum passage', '2005-09-13', 45.000),
('MOV005', 'DIR005', 'PUB005', 'Slave Of The Stockades', 'Contrary to popular belief, Lorem Ipsum is not simply random text. It has roots issor at Hampden-Sydney College in Virginia, looked up one of the more obscure Latin words, consectetur, from a Lorem Ipsum passage', '2003-03-07', 50.000),
('MOV006', 'DIR006', 'PUB006', 'Enemies With Hoods', 'Contrary to popular belief, Lorem Ipsum is not simply random text. It has roots in a piece of clrd McClintock, a Latin professor at Haf the more obscure Latin words, consectetur, from a Lorem Ipsum passage', '2015-06-23', 35.000),
('MOV007', 'DIR007', 'PUB007', 'Scourge Of Dawn', 'Contrary to popular belief, Lorem Ipsum is not simply random text. It has roots in a piece of ca Latin professoup one of the more obscure Latin words, consectetur, from a Lorem Ipsum passage', '2013-05-19', 30.000),
('MOV008', 'DIR008', 'PUB008', 'Lovers Of The River', 'Contrary to popular belief, Lorem Ipsum is not simply random text. It has roots in a piece of ca Latin professor at Hampden-Sydney College in Virginia, looked up one of the , consectetur, from a Lorem Ipsum passage', '2009-11-11', 55.000),
('MOV009', 'DIR009', 'PUB009', 'Without A Voice', 'Contrary to popular belief, Lorem Ipsum is not simply random text. It has roots in a piece of clHampden-Sydney College in Virginia, looked up one of the more obscure Latin words, consectetur, from a Lorem Ipsum passage', '2010-03-27', 40.000),
('MOV010', 'DIR010', 'PUB010', 'Raised By The Ashes', 'Contrary to popular belief, Lorem Ipsum is not simply random text. It has roots inr at Hampden-Sydney College in Virginia, looked up one of the more obscure Latin words, consectetur, from a Lorem Ipsum passage', '2008-07-21', 45.000),
('MOV011', 'DIR007', 'PUB010', 'Raised By The Wolf', 'Contrary to popular belief, Lorem Ipsum is not simply random text. It has roots inr at Hampden-Sydney College in Virginia, looked up one of the more obscure Latin words, consectetur, from a Lorem Ipsum passage', '2009-02-21', 45.000),
('MOV012', 'DIR008', 'PUB008', 'Eaten By The Wolf', 'Contrary to popular belief, Lorem Ipsum is not simply random text. It has roots inr at Hampden-Sydney College in Virginia, looked up one of the more obscure Latin words, consectetur, from a Lorem Ipsum passage', '2010-05-21', 45.000),
('MOV013', 'DIR005', 'PUB008', 'Wolf', 'Contrary to popular belief, Lorem Ipsum is not simply random text. It has roots inr at Hampden-Sydney College in Virginia, looked up one of the more obscure Latin words, consectetur, from a Lorem Ipsum passage', '2008-02-21', 45.000)


INSERT INTO Director(DirectorID, [Name], Email, City, [Address], PhoneNumber) VALUES
('DIR001', 'Yanko Psyche', 'yanko@gmail.com', 'Miami', '3383 Marguerite Ave', '0853-0155-172'),
('DIR002', 'Dalila Stephane', 'dalila@gmail.com', 'Caguas', '1931 Santa Rosa Ave', '0851-7943-45420'),
('DIR003', 'Fyodor Nil', 'fyodor@gmail.com', 'Castro Valley', '2084 Nicholl Ave', '0839-7548-86985'),
('DIR004', 'Hilmar Hibo', 'hilmar@gmail.com', 'Pensacola', '1101 E Jefferson St', '0874-887-917'),
('DIR005', 'Chares Veronika', 'chares@gmail.com', 'Springfield', '68 Lakeview St', '0873-8977-6445'),
('DIR006', 'Giusy Demetrios', 'giusy@gmail.com', 'Maple Grove', '1532 Robinson Mill Rd', '0852-2111-26745'),
('DIR007', 'Tzefanyah Kaija', 'kaija@gmail.com', 'Pyongyang', '433 Rolando Dr', '0870-4165-5294'),
('DIR008', 'Callum Sousanna', 'callum@gmail.com', 'Lakewood', '89 Kinsley St', '0854-2026-76372'),
('DIR009', 'Varghese Padmavati', 'varghese@gmail.com', 'San Marco', '260 Marshall St', '0889-3011-19206'),
('DIR010', 'Alys Barlaam', 'alys@gmail.com', 'Leyden', '957 Bristol Pike #APT A16', '0898-7931-10503')




INSERT INTO Publisher(PublisherID, [Name], Email, City , [Address], PhoneNumber) VALUES
('PUB001', 'FILMSITER', 'filmsiter@gmail.com', 'Kansas City', '1437  Quilly Lane', '0871-0018-341'),
('PUB002', 'CINEMATE', 'cinemate@gmail.com', 'Daytona Beach', '1662  West Fork Drive', '0877-8982-6295'),
('PUB003', 'FILMESK', 'filmesk@gmail.com', 'LoveLand', '2684  Limer Street', '0830-8001-828'),
('PUB004', 'Cinemasilu', 'cinemasilu@gmail.com', 'Bruceville', '2397  Harron Drive', '0831-6018-14363'),
('PUB005', 'MovieCord', 'movcord@gmail.com', 'Northwoods Mall', '2571  Butternut Lane', '0869-505-788'),
('PUB006', 'CINEMANO', 'cinemano@gmail.com', 'Red Rock Canyon', '856  Traction Street', '0886-615-544'),
('PUB007', 'XIX', 'xix@gmail.com', 'Ashgabat', '637  Arbor Court', '0884-374-696'),
('PUB008', 'Hollyforest', 'hollyforest@gmail.com', 'Santa Maria', '3400  Diane Street', '0872-164-974'),
('PUB009', 'MOVCLIP', 'movclip@gmail.com', 'Kathmandu', '4923  Clover Drive', '0819-2747-96883'),
('PUB010', 'FADE', 'fade@gmail.com', 'Warsaw', '1347  Angie Drive', '0812-1831-252')


INSERT INTO [User](UserID, Nickname, FullName, Email, City, [Description]) VALUES
('USR001', 'Kimberly', 'Kimberly W Hruska', 'kimberly@gmail.com', 'Jakarta', 'Contrary to popular belief, Lorem Ipsum isdiscovered theom sections 1.10.32 and 1.10.33 of "de Finibus Bonorum et Malorum"'),
('USR002', 'Cynthia', 'Cynthia S Vela', 'cynthia@gmail.com', 'Bandung', 'Contrary to popular belief, Lorem Ipsum is not simpydnrce. Lorem Ipsum comes from sections 1.10.32 and 1.10.33 of "de Finibus Bonorum et Malorum"'),
('USR003', 'Belinda', 'Belinda C Graham', 'belinda@gmail.com', 'Bandung', 'Contrary to popular belief, Lorem Ible source. Lorem Ipsum comes from sections 1.10.32 and 1.10.33 of "de Finibus Bonorum et Malorum"'),
('USR004', 'Mattie', 'Mattie D Towne', 'mattie@gmail.com', 'Bandung', 'Contrary to popular belief, Lorem Ipsum is t Hampden-doubtable source. Lorem Ipsum comes from sections 1.10.32 and 1.10.33 of "de Finibus Bonorum et Malorum"'),
('USR005', 'Martha', 'Martha A Robinson', 'martha@gmail.com', 'Bekasi', 'Contrary to popular belief, Lorem Ipsum is not siLorem Ipsum comes from sections 1.10.32 and 1.10.33 of "de Finibus Bonorum et Malorum"'),
('USR006', 'Johnny', 'Johnny M Puleo', 'johnny@gmail.com', 'Surabaya', 'Contrary to popular belief, Lorem Ipsum is not sidney College in Ved the undoubtable ctions 1.10.32 and 1.10.33 of "de Finibus Bonorum et Malorum"'),
('USR007', 'Christopher', 'Christopher M Jacobson', 'christopher@gmail.com', 'Tangerang', 'Contrary to popular belief, ssor at Hampden of "de Finibus Bonorum et Malorum"'),
('USR008', 'Gabriella', 'Gabriella D Brady', 'gabriella@gmail.com', 'Depok', 'Contrary to popular belief, Lorem Ipsum is not simply r-Sydney College im passage, and goiubtable source. Lorem Ipsum and 1.10.33 of "de Finibus Bonorum et Malorum"'),
('USR009', 'Willie', 'Willie H Field', 'willie@gmail.com', 'Bogor', 'Contrary to popular belief, Lorem Ipsum is not simply rn Virginiaoing through the cites of the word in classical literatureand 1.10.33 of "de Finibus Bonorum et Malorum"'),
('USR010', 'Benjamin', 'Benjamin N Emerson', 'benjamin@gmail.com', 'Bogor', 'Contrary to popular belief, Lorem Ipsum is not simply random text. Itr, from aovered the undoubtable source. Lorem Iof "de Finibus Bonorum et Malorum"')



INSERT INTO [Movie Genre Details](MovieID, GenreID) VALUES
('MOV001', 'GEN001'),
('MOV002', 'GEN001'),
('MOV003', 'GEN001'),
('MOV004', 'GEN007'),
('MOV005', 'GEN004'),
('MOV006', 'GEN003'),
('MOV007', 'GEN003'),
('MOV008', 'GEN009'),
('MOV009', 'GEN006'),
('MOV010', 'GEN006'),
('MOV011', 'GEN006'),
('MOV012', 'GEN006'),
('MOV013', 'GEN005')

INSERT INTO [Movie Genre](GenreID, [Name]) VALUES
('GEN001', 'Action'),
('GEN002', 'Romance'),
('GEN003', 'Adventure'),
('GEN004', 'Comedy'),
('GEN005', 'Crime'),
('GEN006', 'Drama'),
('GEN007', 'Horror'),
('GEN008', 'Mystery'),
('GEN009', 'Fantasy'),
('GEN010', 'Sci-fi')


INSERT INTO [Sales Transaction Header](SalesID, UserID, TransactionDate) VALUES
('SAL001', 'USR001', '2020-12-08'),
('SAL002', 'USR002', '2020-12-03'),
('SAL003', 'USR003', '2020-12-12'),
('SAL004', 'USR006', '2020-12-13'),
('SAL005', 'USR008', '2020-12-01'),
('SAL006', 'USR003', '2020-12-17'),
('SAL007', 'USR003', '2020-12-19'),
('SAL008', 'USR004', '2020-12-23'),
('SAL009', 'USR007', '2020-12-03'),
('SAL010', 'USR009', '2020-12-08'),
('SAL011', 'USR004', '2020-12-19'),
('SAL012', 'USR005', '2020-12-29'),
('SAL013', 'USR010', '2020-12-20'),
('SAL014', 'USR001', '2020-12-02'),
('SAL015', 'USR002', '2020-12-11'),
('SAL016', 'USR010', '2020-12-07'),
('SAL017', 'USR009', '2020-12-15'),
('SAL018', 'USR009', '2020-12-24'),
('SAL019', 'USR003', '2020-12-29'),
('SAL020', 'USR006', '2020-12-09'),
('SAL021', 'USR008', '2020-12-10'),
('SAL022', 'USR006', '2020-12-01'),
('SAL023', 'USR010', '2020-12-21'),
('SAL024', 'USR004', '2020-12-27'),
('SAL025', 'USR005', '2020-12-30')


INSERT INTO [Sales Transaction Header](SalesID, UserID, TransactionDate) VALUES
('SAL026', 'USR008', '2020-12-22')


INSERT INTO [Sales Transaction Details](SalesID, UserID, MovieID, Quantity, [Transaction Date]) VALUES
('SAL001', 'USR001', 'MOV001', 1, '2020-12-08'),
('SAL002', 'USR002', 'MOV002', 5, '2020-12-03'),
('SAL003', 'USR003', 'MOV003', 3, '2020-12-12'),
('SAL004', 'USR006', 'MOV004', 2, '2020-12-13'),
('SAL005', 'USR008', 'MOV005', 2, '2020-12-01'),
('SAL006', 'USR003', 'MOV006', 3, '2020-12-17'),
('SAL007', 'USR003', 'MOV007', 1, '2020-12-19'),
('SAL008', 'USR004', 'MOV008', 4, '2020-12-23'),
('SAL009', 'USR007', 'MOV009', 3, '2020-12-03'),
('SAL010', 'USR009', 'MOV010', 2, '2020-12-08'),
('SAL011', 'USR004', 'MOV001', 4, '2020-12-19'),
('SAL012', 'USR005', 'MOV002', 1, '2020-12-29'),
('SAL013', 'USR010', 'MOV003', 3, '2020-12-20'),
('SAL014', 'USR001', 'MOV004', 4, '2020-12-02'),
('SAL015', 'USR002', 'MOV005', 5, '2020-12-11'),
('SAL016', 'USR010', 'MOV006', 5, '2020-12-07'),
('SAL017', 'USR009', 'MOV007', 20, '2020-12-15'),
('SAL018', 'USR009', 'MOV008', 2, '2020-12-24'),
('SAL019', 'USR003', 'MOV009', 1, '2020-12-29'),
('SAL020', 'USR006', 'MOV010', 3, '2020-12-09'),
('SAL021', 'USR008', 'MOV001', 4, '2020-12-10'),
('SAL022', 'USR006', 'MOV002', 3, '2020-12-01'),
('SAL023', 'USR010', 'MOV003', 1, '2020-12-21'),
('SAL024', 'USR004', 'MOV004', 17, '2020-12-27'),
('SAL025', 'USR005', 'MOV005', 17, '2020-12-30')




INSERT INTO [Sales Transaction Details](SalesID, UserID, MovieID, Quantity, [Transaction Date]) VALUES
('SAL026', 'USR008', 'MOV007', 10, '2020-12-22')



INSERT INTO Review(UserID, MovieId, [Recommendation status], [Review content], [Date]) VALUES
('USR001', 'MOV001', 'Recommended', 'Contrary to popular belief, Lorem Ipsum isdiscovered theom sections 1.10.3', '2020-12-08'),
('USR002', 'MOV002', 'Recommended', 'Contrary to popular belief, Lorem Ipsum isdiscovered theom sections 1.10.3', '2020-12-03'),
('USR003', 'MOV003', 'Not Recommended', 'Contrary to popular belief, Lorem Ipsum isdiscovered theom sections 1.10.3', '2020-12-12'),
('USR004', 'MOV004', 'Recommended', 'Contrary to popular belief, Lorem Ipsum isdiscovered theom sections 1.10.3', '2020-12-13'),
('USR005', 'MOV005', 'Recommended', 'Contrary to popular belief, Lorem Ipsum isdiscovered theom sections 1.10.3', '2020-12-01'),
('USR006', 'MOV006', 'Recommended', 'Contrary to popular belief, Lorem Ipsum isdiscovered theom sections 1.10.3', '2020-12-17'),
('USR007', 'MOV007', 'Not Recommended', 'Contrary to popular belief, Lorem Ipsum isdiscovered theom sections 1.10.3', '2020-12-19'),
('USR008', 'MOV008', 'Recommended', 'Contrary to popular belief, Lorem Ipsum isdiscovered theom sections 1.10.3', '2020-12-23'),
('USR009', 'MOV009', 'Not Recommended', 'Contrary to popular belief, Lorem Ipsum isdiscovered theom sections 1.10.3', '2020-12-03'),
('USR010', 'MOV010', 'Not Recommended', 'Contrary to popular belief, Lorem Ipsum isdiscovered theom sections 1.10.3', '2020-12-08')
